SMPLID	Mophological.cluster.G4_0	Mophological.cluster.G4_1	Mophological.cluster.G4_2	Mophological.cluster.G4_3	Mophological.cluster.G4_4	Mophological.cluster.G4_5	Mophological.cluster.G4_6	Mophological.cluster.G4_7	Mophological.cluster.G4_8	Mophological.cluster.G4_9	Mophological.cluster.G4_10	Mophological.cluster.G4_11	Mophological.cluster.G4_12	Mophological.cluster.G4_13	Mophological.cluster.G4_14	Mophological.cluster.G4_15	Mophological.cluster.G4_16	Mophological.cluster.G4_17	Mophological.cluster.G4_18	Mophological.cluster.G4_19	Mophological.cluster.G4_20	Mophological.cluster.G4_21	Mophological.cluster.G4_22	Mophological.cluster.G4_23	Mophological.cluster.G4_24	Mophological.cluster.G4_25	Mophological.cluster.G4_26	Mophological.cluster.G4_27	Mophological.cluster.G4_28	Mophological.cluster.G4_29	Mophological.cluster.G4_30	Mophological.cluster.G4_31
GTEX.111CU.0226	524	257	773	222	139	153	145	180	2	78	8	0	0	3	12	0	69	48	541	1377	2	3842	39	26	799	10	17	441	19	337	185	296
GTEX.111FC.1026	0	0	5	49	1	165	15	42	1151	0	15	540	1133	225	0	0	46	9	0	2	330	0	14	2	8	497	9	74	427	39	10	31
GTEX.111VG.0526	0	53	5	20	1377	507	0	7	0	737	13	337	1	8	36	877	0	2	7	3	0	28	1	1	243	714	1	576	2088	793	2601	78
GTEX.111YS.0726	41	21	62	42	196	62	26	46	2	97	6	0	2	4	7	0	11	65	29	146	4	548	71	0	213	11	112	12	7	94	334	53
GTEX.1122O.0226	1729	751	1037	242	99	153	1166	719	3	939	798	59	1	5	1772	0	601	356	1641	593	7	475	228	2	573	259	257	75	242	349	15	635
GTEX.1128S.0126	116	231	147	164	0	242	682	298	567	898	528	323	505	2999	862	0	454	243	280	242	1375	51	99	2	60	285	141	158	70	59	79	257
GTEX.113JC.0126	376	490	1039	388	45	534	734	785	101	386	544	167	69	544	402	1	350	457	261	1630	152	51	266	0	278	186	87	12	165	212	35	486
GTEX.117XS.0526	17	129	55	893	11	242	602	487	1486	325	1106	644	888	834	226	0	555	628	11	54	885	0	252	2	27	816	394	42	399	85	74	419
GTEX.117YW.0126	154	121	692	150	106	509	431	853	119	2382	770	227	160	1080	2869	25	418	252	962	412	605	45	289	1	340	596	165	50	433	243	67	236
GTEX.117YX.1226	227	230	144	83	357	423	254	468	1	768	604	0	0	4	1551	0	165	68	318	276	8	50	56	0	444	114	11	14	142	225	9	192
GTEX.1192W.0126	97	138	346	262	37	489	325	531	174	406	392	264	342	662	301	0	122	151	52	463	400	3	232	0	109	221	23	62	295	101	24	326
GTEX.1192X.1126	22	52	474	1129	28	676	160	516	809	125	108	365	3008	3157	21	0	209	516	26	1043	1011	4	129	0	163	813	5	114	457	82	132	292
GTEX.11DXX.0226	665	167	164	57	121	162	169	305	0	1742	239	1	1	1	1143	0	107	34	1079	295	5	417	49	2	773	119	18	98	60	309	26	190
GTEX.11DXY.0426	48	83	168	210	19	308	137	297	268	217	179	42	443	857	80	18	113	134	28	353	417	32	157	0	58	325	24	96	109	114	201	224
GTEX.11DXZ.0926	373	48	367	18	232	35	231	146	0	380	98	2	1	5	450	4	134	69	977	136	2	296	23	0	220	64	17	194	73	248	8	39
GTEX.11DYG.0826	47	6	98	158	29	328	357	356	1331	108	214	688	834	1425	35	1	319	188	6	141	1389	0	232	0	49	290	110	216	287	131	9	142
GTEX.11DZ1.2726	13	106	210	298	0	155	572	605	483	129	981	489	254	486	363	0	454	457	30	139	1084	0	164	0	7	333	106	39	286	12	3	179
GTEX.11EI6.0726	4	4	20	215	19	290	339	197	2311	35	257	1598	550	315	26	0	398	250	0	19	948	0	108	0	8	407	174	220	341	112	10	112
GTEX.11EM3.0126	1080	130	894	159	217	355	242	293	2	77	26	0	3	4	49	0	132	100	1015	971	4	1646	124	0	571	50	34	142	32	200	59	167
GTEX.11EMC.0226	114	18	139	51	37	294	74	106	230	348	190	191	450	792	64	0	29	20	122	340	134	132	17	0	266	198	3	35	67	83	121	74
GTEX.11EQ8.0826	8	5	15	35	61	310	17	62	689	356	132	526	2352	814	12	10	30	7	1	37	413	2	22	0	128	1195	3	160	958	224	328	43
GTEX.11EQ9.0626	451	75	555	268	350	107	185	174	5	45	38	7	5	6	8	11	75	66	330	1025	9	1043	63	0	491	100	1	310	220	238	91	180
GTEX.11GS4.0826	135	189	1161	487	38	457	1188	1411	225	408	1057	886	75	791	2119	44	677	613	247	395	1189	8	404	0	55	155	102	2300	452	54	16	277
GTEX.11GSO.0626	7	311	200	1262	0	132	275	946	3044	30	292	978	1660	1623	26	2	485	1086	9	93	1590	0	359	0	5	513	809	0	153	2	118	448
GTEX.11GSP.0126	8	72	15	732	1028	251	5	21	11	1682	34	1651	65	161	93	885	4	3	64	79	9	173	3	384	710	715	0	1710	1325	2099	1236	92
GTEX.11I78.0526	3147	51	280	41	45	228	399	128	0	507	71	9	0	0	175	0	179	152	727	469	0	1072	87	0	1016	47	120	9	27	151	23	145
GTEX.11LCK.0526	464	161	930	213	471	232	537	465	2	185	230	16	0	12	290	0	283	362	508	612	8	271	252	0	378	45	159	660	157	313	20	296
GTEX.11NSD.0126	808	114	360	64	142	81	248	185	1	117	144	6	0	2	232	0	107	131	644	284	4	609	153	0	245	178	142	148	228	151	64	143
GTEX.11NUK.1026	14	78	44	48	14	125	244	200	1465	102	329	406	532	642	66	1	187	103	29	49	1199	6	96	0	13	431	48	62	379	30	16	267
GTEX.11NV4.0626	1	40	5	66	1	40	70	114	487	1	336	526	133	38	13	1505	44	17	0	9	168	0	24	0	3	1023	7	0	182	7	57	379
GTEX.11O72.2326	12	28	65	133	17	251	241	527	975	18	334	447	732	628	37	0	219	90	3	110	1497	0	148	0	10	458	76	157	206	42	3	120
GTEX.11OF3.0626	3	2	8	168	2	242	33	72	518	20	30	202	665	110	1	2	24	50	0	69	146	0	42	0	7	578	23	12	119	9	13	72
GTEX.11P7K.0226	1302	121	952	143	5	99	908	394	1	167	638	30	0	2	260	0	441	190	846	497	0	593	208	0	287	232	244	1	59	61	43	254
GTEX.11P81.0126	224	27	188	62	121	65	84	137	0	185	232	3	1	0	76	0	45	25	206	164	1	139	32	796	284	112	6	173	355	154	6	134
GTEX.11P82.0226	213	506	365	132	203	48	509	285	0	127	549	3	2	0	851	412	320	130	620	194	0	84	92	1	69	122	110	570	588	156	7	328
GTEX.11TT1.1126	1880	58	622	33	144	102	136	129	1	283	70	0	0	1	128	2	69	23	1095	1221	0	4926	74	0	1266	90	7	39	85	304	299	238
GTEX.11TTK.0826	4	4	15	110	19	478	179	256	964	21	190	405	666	401	26	0	186	125	0	35	1242	0	109	0	10	685	61	160	733	74	7	76
GTEX.11TUW.0226	558	604	1254	1190	123	801	874	1409	16	1536	647	323	43	224	1214	26	465	606	907	1896	145	404	466	0	893	487	240	188	556	464	162	796
GTEX.11UD2.0626	175	16	201	84	27	99	150	182	776	365	406	302	731	1345	100	0	80	62	113	141	389	39	50	0	141	558	8	241	273	173	95	65
GTEX.11VI4.0226	393	154	959	49	83	35	576	385	9	264	680	76	3	35	984	0	320	232	1091	285	17	317	110	0	211	385	32	135	214	253	26	109
GTEX.11XUK.0226	54	67	242	12	41	43	50	43	6	145	115	5	6	3	7	328	15	5	250	175	0	2187	15	0	203	952	0	1	108	124	1400	96
GTEX.11ZTS.1126	18	15	267	209	1	340	113	198	482	40	50	515	280	226	0	0	90	105	1	519	43	298	138	0	46	400	94	1	150	34	3709	147
GTEX.11ZTT.1026	615	26	250	92	90	148	96	99	1	321	145	6	2	2	92	0	75	42	354	291	1	2012	46	0	663	137	46	46	369	396	75	95
GTEX.11ZVC.0126	420	50	895	78	77	398	367	451	85	552	372	141	145	688	252	0	206	175	289	954	125	116	268	0	405	216	120	9	235	206	55	250
GTEX.1211K.0726	441	86	769	23	199	56	320	301	32	194	442	27	2	20	576	4	156	74	1183	304	18	266	74	0	283	109	26	322	162	346	14	71
GTEX.1212Z.0426	207	44	424	398	155	589	316	401	783	368	289	808	1755	1735	73	0	181	202	148	1273	365	151	189	0	439	423	25	316	396	222	116	296
GTEX.12584.0826	21	154	204	97	5	98	687	580	11	26	1581	270	3	39	938	0	320	174	46	67	68	2	170	0	4	320	117	20	149	13	2	191
GTEX.12696.0326	679	25	662	56	39	64	227	159	34	667	679	72	37	306	186	0	72	34	1013	300	24	504	29	0	475	440	85	73	496	170	27	81
GTEX.1269C.0226	27	52	136	219	23	322	170	377	464	70	201	494	705	693	101	0	95	178	5	296	515	0	181	0	21	226	16	221	264	132	49	152
GTEX.12BJ1.0426	415	239	226	102	89	386	327	420	24	405	385	30	9	19	665	10	209	101	308	361	12	83	113	0	323	492	56	75	253	196	60	215
GTEX.12WSC.0826	2	3	19	73	6	166	316	193	1459	3	179	1142	790	388	3	0	380	186	0	47	827	0	180	0	7	168	202	7	310	16	5	122
GTEX.12WSD.0926	157	25	171	43	15	115	188	236	4	407	797	69	2	19	579	1	72	59	120	161	4	23	42	0	117	178	2	39	222	116	1	47
GTEX.12WSE.1226	0	10	1	119	1	86	209	139	2711	4	133	1985	517	78	5	5	378	167	0	7	933	0	84	0	0	480	143	241	443	38	26	265
GTEX.12WSG.0226	79	44	132	42	232	142	78	29	54	538	290	228	25	118	96	45	18	11	125	246	3	199	3	343	255	623	7	405	334	433	374	101
GTEX.12WSH.0226	6	29	8	96	46	517	256	343	631	646	835	165	1400	1143	302	0	210	74	0	36	1975	0	83	0	60	764	32	3	1335	131	24	170
GTEX.12WSJ.0326	71	59	564	154	0	31	202	243	3	83	283	49	0	16	104	0	128	140	149	340	1	63	66	0	78	126	14	3	37	20	6	69
GTEX.12WSK.0926	141	150	287	83	1	24	516	276	1	137	881	63	3	0	854	0	271	132	328	73	1	37	80	0	26	115	100	14	52	5	2	95
GTEX.12WSL.0626	197	578	589	66	287	43	424	781	4	460	262	3	0	3	1801	1	352	162	1204	442	3	156	226	0	296	74	91	494	153	442	22	449
GTEX.12WSN.0726	50	70	259	429	60	291	76	213	42	75	298	109	13	14	11	0	48	149	22	398	11	62	80	0	238	1517	27	55	490	130	411	268
GTEX.12ZZX.1226	4	11	9	16	22	130	40	40	462	106	102	161	2022	1078	47	101	21	5	5	23	368	0	7	0	15	1213	3	106	260	99	159	63
GTEX.12ZZY.0826	365	20	219	33	379	69	276	229	69	880	523	89	31	243	600	12	79	17	336	400	49	89	53	0	445	160	8	60	498	513	17	53
GTEX.12ZZZ.1226	11	15	6	107	66	694	80	170	1357	71	97	692	3312	868	1	0	69	53	0	81	882	1	81	0	50	339	54	267	366	120	34	229
GTEX.13111.0226	754	462	623	178	614	125	372	648	2	984	523	8	7	42	710	8	254	294	738	544	24	345	195	0	768	291	20	197	196	578	59	190
GTEX.13112.0326	132	45	88	49	1	13	436	93	375	102	432	154	30	153	372	0	172	75	69	28	215	5	18	0	13	145	39	5	139	31	7	51
GTEX.13113.0126	212	154	423	753	210	248	615	293	32	181	769	394	1	3	301	0	287	435	349	180	3	260	218	1	84	490	596	109	301	232	84	93
GTEX.1313W.0726	21	4	195	244	0	317	222	277	1292	54	242	898	442	687	26	1	195	189	15	122	652	1	116	0	3	353	53	8	175	6	20	103
GTEX.131XE.0126	1123	40	496	47	142	67	325	276	0	301	80	1	1	0	486	0	190	175	463	454	1	246	86	0	459	17	38	24	27	207	3	112
GTEX.131XF.1826	378	158	746	65	17	158	771	695	1	874	1206	27	6	19	1687	16	388	191	1073	500	12	279	288	0	165	290	199	13	125	79	49	154
GTEX.131XG.0226	611	92	638	73	2	12	306	152	6	105	246	2	2	1	112	2	136	135	779	318	3	1036	43	0	292	158	22	10	10	87	150	83
GTEX.131XH.0526	154	11	366	20	20	167	431	382	836	190	492	110	1269	2685	50	0	254	161	42	222	1608	11	244	0	124	394	104	2	230	116	8	150
GTEX.131YS.0726	0	12	7	65	9	127	20	15	560	341	98	440	1220	926	6	87	14	4	1	6	73	4	7	0	1	785	57	25	425	130	466	71
GTEX.132AR.1126	476	227	261	165	167	233	165	144	13	361	321	14	2	2	169	2	66	56	337	327	1	332	28	0	454	598	7	136	46	316	147	129
GTEX.132NY.1026	233	61	485	163	55	220	416	340	115	240	554	298	19	99	166	0	222	309	139	364	32	61	180	0	230	152	120	28	172	118	36	110
GTEX.132QS.0326	828	134	984	74	109	77	753	580	1	457	304	7	1	23	1089	0	502	459	1885	698	16	770	212	0	501	74	246	66	25	279	28	204
GTEX.133LE.0326	105	82	614	161	8	21	485	519	1	43	475	77	0	2	174	0	273	248	133	102	1	58	230	0	36	113	272	7	49	35	22	86
GTEX.1399R.0126	2222	1427	357	760	102	440	239	392	0	2937	100	4	0	0	248	0	66	93	1631	907	0	6842	22	0	2075	86	8	22	92	450	451	524
GTEX.1399T.0126	63	18	214	127	2	475	220	319	1464	219	623	727	1056	1909	105	0	126	96	32	247	761	13	99	0	56	389	36	21	181	44	65	123
GTEX.1399U.0326	816	384	1015	345	32	109	528	519	2	356	699	45	1	3	463	0	287	434	1392	673	3	686	133	0	458	290	60	6	266	197	36	254
GTEX.139T6.0326	1053	33	445	71	124	302	490	316	3	838	509	6	0	6	1354	0	241	65	1258	303	3	297	77	0	526	105	35	13	229	153	13	67
GTEX.139TS.0126	107	24	207	462	68	750	99	464	72	356	77	101	656	1065	94	0	70	71	34	957	503	8	104	0	303	70	7	7	38	244	51	199
GTEX.139UW.0126	356	119	330	39	6	95	475	362	6	385	286	13	6	46	650	21	237	95	338	244	21	118	131	0	181	72	108	8	25	92	52	118
GTEX.139YR.1226	4662	109	676	183	842	149	227	249	0	524	48	9	2	0	36	0	68	52	844	1009	0	5993	49	0	4174	145	9	555	266	1373	275	423
GTEX.13CF3.0926	145	114	198	54	171	110	36	112	1	365	17	0	3	2	262	1	25	13	848	228	1	385	12	0	272	14	4	46	6	166	32	74
GTEX.13D11.0226	375	5	206	13	116	57	83	48	2	58	13	0	0	1	10	24	33	51	137	317	3	1280	47	0	309	53	9	21	10	124	2027	98
GTEX.13FH7.0126	315	132	718	23	63	104	226	390	0	321	94	2	0	14	624	95	136	65	1321	620	14	388	93	0	204	44	12	82	28	244	34	77
GTEX.13FHO.0926	87	24	266	179	16	417	154	314	252	134	672	734	179	159	131	0	89	128	51	270	67	7	147	0	77	647	49	93	180	70	32	116
GTEX.13FHP.0926	28	5	74	99	26	82	217	171	982	103	326	476	283	640	27	0	173	177	6	91	444	6	81	0	69	352	47	57	204	103	16	118
GTEX.13FLV.0226	528	460	978	384	49	274	1029	750	110	616	421	129	37	289	835	3	383	652	672	1096	137	425	293	0	328	131	161	348	90	292	100	328
GTEX.13FLW.0326	4	2	13	126	39	912	82	251	822	25	28	178	1483	729	1	1	130	52	0	76	825	0	145	2	42	215	71	22	100	65	55	97
GTEX.13FTW.0626	1759	18	411	153	1649	165	205	118	3	45	6	0	0	1	1	1	62	69	299	1043	0	4708	109	0	1901	20	7	276	28	497	240	246
GTEX.13FTY.0726	50	15	228	48	0	98	419	189	721	133	543	390	241	1031	293	0	211	83	59	93	1002	0	70	0	19	255	39	21	115	45	4	96
GTEX.13FXS.0726	38	438	120	571	7	338	2564	1668	271	148	1220	640	44	153	2759	137	2077	1553	27	99	683	1	335	0	3	193	608	54	332	24	28	489
GTEX.13G51.1226	42	25	53	93	470	637	98	161	210	597	227	297	1821	1511	161	0	46	30	21	257	531	7	24	0	140	564	4	971	852	716	49	171
GTEX.13IVO.0926	14	11	98	102	21	347	130	196	682	355	231	179	1238	792	11	2	165	234	9	243	594	25	193	0	93	757	140	184	398	71	64	185
GTEX.13JVG.0926	47	31	55	238	27	533	42	66	542	419	96	90	1575	631	14	0	25	14	8	555	94	175	8	0	295	667	0	97	83	177	2502	147
GTEX.13N11.1026	274	132	677	141	1030	233	249	385	2	422	520	17	5	19	472	0	169	151	655	596	3	211	130	0	650	254	73	67	278	305	7	175
GTEX.13N1W.0826	7	15	69	281	0	270	168	170	1152	57	203	689	569	681	42	2	131	113	18	71	462	19	83	0	33	502	49	0	69	25	160	63
GTEX.13N2G.0726	79	21	375	141	64	510	130	249	207	275	111	68	577	1407	43	2	66	107	157	620	209	189	115	0	233	196	19	154	101	118	212	97
GTEX.13NYB.0726	24	12	113	40	7	127	740	336	1573	82	703	384	583	473	190	28	342	155	7	138	1431	0	132	0	24	584	92	3	246	52	15	261
GTEX.13NYC.2426	0	3	6	37	130	296	40	203	227	33	111	94	1056	165	10	35	64	125	0	50	210	0	112	1	20	1140	126	122	762	166	136	149
GTEX.13NZ8.0226	0	17	0	36	12	57	197	35	708	357	585	550	696	155	180	19	81	24	0	4	562	0	8	0	3	665	42	555	508	120	251	90
GTEX.13NZ9.1126	131	21	828	42	0	153	600	458	535	55	515	597	247	1018	55	155	324	199	76	416	348	15	271	0	9	351	228	30	37	6	84	106
GTEX.13NZA.1026	195	75	377	189	24	648	561	793	652	263	646	295	721	1263	285	0	271	157	34	346	1118	0	336	5	76	520	72	148	639	59	17	227
GTEX.13O1R.0826	645	226	1222	254	101	1142	300	531	55	1954	122	161	158	967	542	23	147	148	1241	2122	160	1772	128	14	894	88	7	215	56	272	402	190
GTEX.13O21.2226	530	137	497	152	128	132	358	237	1	277	322	8	0	1	232	5	168	222	454	408	0	343	135	0	426	220	72	83	53	185	32	133
GTEX.13O3O.0926	156	15	94	38	43	487	132	257	89	888	359	91	452	716	295	1	46	38	53	395	116	45	53	0	378	530	9	146	221	288	166	106
GTEX.13O3P.0726	247	13	395	22	113	224	81	127	14	423	153	24	27	165	219	0	20	23	811	364	11	353	24	1	393	223	2	16	42	161	68	62
GTEX.13O3Q.0626	4	2	6	99	36	485	19	103	517	73	87	137	500	124	5	0	31	30	0	25	171	4	66	0	75	546	28	106	518	86	109	36
GTEX.13O61.0226	264	0	112	5	175	27	26	21	0	51	0	1	0	0	10	0	14	3	348	226	1	840	7	0	230	3	3	48	8	153	21	22
GTEX.13OVG.0226	301	67	728	151	233	268	175	354	3	334	67	1	7	8	255	6	112	109	1196	1148	4	915	151	0	600	50	29	103	6	146	77	156
GTEX.13OVI.0826	668	1132	319	612	576	205	207	956	0	1362	657	20	1	1	1650	0	165	59	924	832	1	316	36	11	1369	241	12	47	203	534	2	720
GTEX.13OVJ.0626	1	0	5	159	412	1336	3	90	107	113	2	319	4551	244	1	1	6	9	0	242	101	1	86	0	276	369	4	51	84	406	491	139
GTEX.13OVK.0226	488	127	827	289	1362	99	101	586	1	257	73	1	0	0	306	0	63	41	1148	440	3	742	104	0	723	20	18	111	50	205	88	79
GTEX.13OW5.0626	5	2	25	162	7	434	90	218	3641	12	81	1290	2648	666	0	0	187	165	0	47	628	0	152	0	12	634	121	63	396	56	34	146
GTEX.13OW6.0726	49	3	127	69	232	302	16	54	64	154	3	82	157	421	6	0	7	1	41	826	46	1251	16	0	891	83	0	201	23	519	907	39
GTEX.13OW7.0826	17	3	11	360	0	221	254	127	1233	52	554	1042	144	206	6	0	256	233	1	11	301	0	87	1	9	169	170	35	255	19	5	66
GTEX.13OW8.0126	38	56	146	501	6	487	205	270	1737	885	477	439	1692	2253	146	1	116	126	24	160	756	13	90	0	62	564	46	20	237	52	305	129
GTEX.13PDP.1026	21	25	347	67	5	134	577	363	556	271	804	227	267	801	543	0	367	196	115	160	1452	7	124	7	36	246	119	223	164	80	36	92
GTEX.13PL6.1026	35	20	151	105	12	216	435	265	584	157	587	401	180	883	332	0	293	207	40	119	1713	0	77	0	15	259	38	75	295	106	4	112
GTEX.13PVQ.0726	153	0	140	69	352	297	53	137	63	245	97	22	452	498	17	0	34	37	19	400	114	85	79	0	896	421	5	23	284	465	177	47
GTEX.13PVR.0626	80	42	66	23	350	76	25	37	1	1109	28	16	5	13	210	59	5	2	1383	145	4	1084	8	31	443	365	2	111	99	519	229	115
GTEX.13QBU.0626	697	61	1286	267	305	322	159	425	4	32	39	14	3	9	3	2	88	109	187	1712	4	5104	138	0	1535	361	8	92	66	376	990	165
GTEX.13QJ3.0926	2	1	84	51	12	160	86	195	566	23	110	390	1173	853	2	8	206	180	1	112	742	2	153	1	16	513	167	10	447	62	18	47
GTEX.13QJC.0826	3	271	18	2	49	184	16	32	21	697	113	10	4	29	104	1126	7	1	111	46	5	144	1	0	63	753	0	17	152	281	946	53
GTEX.13RTJ.0326	30	769	627	732	5	102	688	744	989	115	889	225	946	1853	48	2	560	353	101	580	751	143	153	0	87	655	222	18	206	25	420	865
GTEX.13RTK.0326	603	267	528	92	1179	236	332	425	1	331	686	2	0	3	521	4	153	100	304	436	4	73	158	2	699	723	106	139	536	442	32	548
GTEX.13S86.1126	792	146	322	196	56	58	2028	404	17	248	1429	120	3	44	1170	1	615	596	213	154	62	41	126	0	79	224	379	33	413	109	7	168
GTEX.13U4I.0526	218	211	537	140	108	184	454	508	0	191	900	73	0	1	687	1	261	161	278	269	1	50	124	2	175	220	77	100	192	197	8	231
GTEX.13VXT.0626	415	47	104	47	184	38	474	63	10	118	1172	104	0	5	329	0	97	61	188	43	8	86	13	0	63	750	18	80	604	96	5	206
GTEX.13VXU.0826	22	26	132	488	1	97	831	553	1881	14	922	789	271	401	99	0	476	406	4	48	1358	0	134	0	8	218	180	2	329	7	4	191
GTEX.13W46.0926	38	16	325	315	7	263	375	431	757	251	693	405	166	765	224	0	214	263	44	164	719	4	110	0	64	442	26	0	201	72	50	58
GTEX.13X6H.0526	458	1043	501	226	457	34	258	537	0	267	59	2	0	0	412	1	161	146	842	450	0	964	177	0	558	34	79	311	171	446	134	686
GTEX.13X6J.0826	1	1	3	279	12	812	104	307	1219	29	128	689	1858	530	2	0	189	133	0	31	1021	0	154	0	10	365	77	42	464	19	3	96
GTEX.13YAN.0926	60	82	167	164	12	498	315	581	33	456	1012	117	41	62	540	0	272	178	53	201	36	7	180	0	82	221	102	6	136	57	17	292
GTEX.144GL.1226	113	31	184	69	5	306	251	355	122	779	673	156	62	311	387	0	127	105	65	218	112	22	89	0	83	192	43	82	119	37	29	80
GTEX.144GM.0226	1045	152	798	237	33	358	794	733	0	280	385	5	0	3	998	0	382	230	991	663	3	322	268	0	269	82	249	95	244	132	18	399
GTEX.144GO.0126	35	60	164	146	4	188	349	337	351	227	1013	485	469	871	89	0	262	148	24	222	531	2	181	51	49	336	229	298	381	35	11	392
GTEX.145LT.0226	1106	46	839	382	106	248	390	277	13	65	151	53	2	20	48	1	210	334	243	953	9	1592	107	0	649	175	80	24	73	160	278	105
GTEX.145LU.0426	21	6	125	50	90	77	411	188	690	48	421	450	249	724	48	0	315	153	6	69	1170	0	87	0	98	288	98	156	607	118	18	72
GTEX.145ME.0126	25	1266	19	1172	169	59	407	649	0	35	442	17	0	0	98	5	649	336	3	47	0	6	186	4	45	144	165	196	474	293	1	2301
GTEX.145MG.0826	4	2	22	223	2	416	204	282	5835	10	97	2954	2961	617	1	4	378	214	0	36	1015	0	206	0	4	538	206	8	415	26	31	132
GTEX.145MH.0426	20	24	13	115	189	386	56	155	189	435	166	10	1271	707	65	0	71	38	0	39	515	7	56	1	270	282	8	428	557	229	33	172
GTEX.145MI.1126	22	14	342	128	106	222	157	407	21	400	207	40	331	1438	278	0	125	119	142	480	711	14	131	0	151	120	22	326	183	180	29	100
GTEX.146FQ.0726	361	114	967	64	131	301	354	715	5	488	468	16	4	26	1412	0	292	173	1500	379	14	435	194	0	333	170	98	83	171	122	14	114
GTEX.146FR.0326	672	165	736	173	352	389	434	365	2	608	101	5	2	1	367	4	273	238	2167	423	4	1902	188	0	540	65	249	58	94	553	81	201
GTEX.14753.0926	48	27	28	305	127	452	64	121	672	1376	276	339	1185	528	71	1	33	51	5	144	137	20	42	0	574	1006	7	390	309	201	1265	150
GTEX.1477Z.0226	61	72	170	408	19	211	684	841	13	536	861	40	8	58	1501	0	510	700	76	133	137	11	206	0	100	95	257	23	132	78	6	227
GTEX.147F4.0826	35	18	231	254	231	505	255	693	1103	114	172	235	1540	2542	59	0	371	333	9	204	2451	0	384	2	116	242	152	2546	599	247	26	242
GTEX.147GR.0726	62	154	186	389	9	238	1341	481	1575	197	1130	1304	185	524	494	0	812	976	55	104	1371	28	231	0	15	394	516	64	299	50	37	265
GTEX.148VI.0526	312	90	997	60	39	34	443	451	2	421	412	10	2	37	280	0	206	128	823	522	10	963	134	0	229	76	67	48	71	140	88	150
GTEX.148VJ.0726	70	11	174	266	129	188	27	134	10	688	120	32	44	67	30	0	11	34	168	387	5	379	59	0	386	135	30	11	138	198	200	63
GTEX.1497J.0126	325	51	176	35	210	423	103	299	3	2693	165	17	18	70	958	0	81	36	849	347	28	1026	72	0	871	121	17	42	36	273	137	107
GTEX.14A5H.0726	789	37	885	246	234	506	442	721	19	2413	1223	93	45	284	1258	0	238	149	943	890	74	433	102	0	1097	743	31	53	598	278	59	192
GTEX.14A6H.2426	72	314	467	134	29	294	425	429	631	236	1344	337	110	441	221	4	238	191	65	154	272	14	187	0	64	1539	124	99	678	166	67	386
GTEX.14ABY.0926	1	0	5	317	36	419	54	232	1461	18	71	1145	3564	554	1	324	138	89	0	13	667	0	180	2	10	393	93	85	881	85	61	201
GTEX.14AS3.0226	155	9	117	2	411	26	7	20	0	530	30	0	3	6	44	181	2	0	1545	310	2	2673	1	0	801	218	1	94	232	463	341	63
GTEX.14ASI.0726	4	0	12	256	11	172	300	335	1809	1	194	968	477	259	0	1	425	297	0	24	866	0	227	0	7	115	276	2	282	33	3	81
GTEX.14B4R.0126	59	180	143	117	142	40	163	428	2	268	1035	20	0	1	925	6	134	37	151	123	3	21	71	1	116	318	25	138	345	208	4	225
GTEX.14BIN.0126	101	12	127	137	17	233	285	300	535	597	892	222	356	768	299	44	141	89	32	104	428	10	67	52	159	1004	38	149	415	152	124	118
GTEX.14BMU.0226	585	542	1656	47	30	126	352	415	2	296	71	14	1	11	163	1382	180	60	1611	1114	0	1749	113	0	365	266	26	12	74	185	732	436
GTEX.14BMV.0726	144	40	327	52	0	81	296	430	39	215	872	224	16	136	619	0	92	76	117	136	64	10	105	0	26	165	12	3	103	28	5	86
GTEX.14C38.0826	72	18	377	51	111	140	118	271	147	241	214	65	148	705	41	0	61	47	88	469	127	73	125	0	251	181	8	176	51	197	90	72
GTEX.14C39.0226	224	262	1075	245	38	273	253	551	94	705	158	40	91	590	750	0	132	104	1274	959	208	567	118	0	275	160	18	62	9	194	247	139
GTEX.14C5O.0826	204	8	180	14	48	315	82	114	72	768	106	52	651	1446	72	3	46	27	161	303	114	291	44	0	545	409	7	24	137	101	267	61
GTEX.14DAQ.0826	11	39	20	35	95	428	79	125	80	1171	376	115	161	121	350	3	45	44	20	58	68	1	36	1	109	1003	34	76	408	192	252	72
GTEX.14E6C.2626	41	47	42	113	852	448	24	105	1	136	12	3	13	35	39	0	19	17	6	572	1	290	18	1	1009	37	12	70	30	336	696	120
GTEX.14E6E.0326	695	122	2517	390	66	551	622	1232	4	307	151	17	1	32	666	1	726	828	2183	1597	24	1430	680	0	692	43	629	100	41	141	118	222
GTEX.14E7W.0926	75	1	135	45	15	291	174	232	475	141	182	326	988	1719	6	0	146	112	12	217	587	18	176	0	123	469	93	13	532	82	25	100
GTEX.14ICK.1626	181	129	459	181	285	168	208	459	16	464	482	22	4	33	205	5	141	250	253	414	17	238	241	0	446	566	91	132	348	183	191	183
GTEX.14ICL.0426	44	237	228	95	28	34	297	289	0	26	1018	52	0	0	168	0	112	76	50	109	0	5	95	0	46	645	50	124	443	39	1	409
GTEX.14JG6.1326	1845	92	1219	104	138	117	870	410	8	435	137	6	0	11	468	33	509	647	1378	499	6	1179	253	0	593	70	273	59	46	154	217	134
GTEX.14JIY.1226	0	5	6	129	293	1671	1	45	11	1	0	244	2367	146	0	0	0	0	0	21	41	11	2	0	58	66	0	49	39	22	2467	36
GTEX.14PHW.2926	61	47	475	76	0	40	827	217	260	513	1073	80	88	775	1224	87	413	229	440	118	433	13	45	0	32	358	90	3	113	32	28	65
GTEX.14PII.0826	20	13	31	102	22	248	61	211	283	78	57	86	1665	1493	2	0	75	69	2	136	568	4	112	0	119	379	34	59	167	108	82	168
GTEX.14PJ3.0126	1509	493	554	194	1515	270	466	660	0	549	19	7	0	2	2235	15	251	119	1906	424	12	513	164	114	480	4	47	296	6	417	21	486
GTEX.14PJ4.0326	2215	46	457	54	231	110	276	73	2	520	29	0	0	5	117	3	120	162	1066	328	4	3817	33	0	938	33	22	121	90	250	440	120
GTEX.14PJ6.0326	167	113	163	16	182	56	74	38	1	412	4	2	0	4	34	106	21	9	477	173	1	2647	17	0	218	24	1	769	4	341	356	72
GTEX.14PJM.1326	125	36	181	29	27	71	196	144	252	517	154	79	186	760	117	1078	66	38	111	234	187	173	47	0	121	435	30	98	81	164	813	89
GTEX.14PJO.0626	232	5	248	71	69	139	734	420	221	257	1171	349	35	157	335	0	290	226	47	222	88	20	192	0	169	249	98	11	258	152	25	73
GTEX.14PK6.0426	821	221	1750	163	117	205	609	570	5	714	158	11	4	29	683	0	431	409	3219	1044	19	1061	198	0	622	144	255	180	32	328	70	199
GTEX.14PKU.0326	738	76	676	110	57	80	375	248	7	267	516	30	5	68	305	0	145	110	832	395	21	416	33	0	341	183	19	89	163	118	29	105
GTEX.14PKV.0626	1377	283	2864	251	122	123	665	655	4	221	213	33	1	38	146	1	399	402	1382	1938	11	1552	418	0	951	162	127	96	243	223	68	411
GTEX.14PN3.0826	223	317	955	851	237	250	108	1228	0	653	177	0	0	6	561	0	86	71	1099	446	3	304	57	0	557	36	13	54	84	381	13	70
GTEX.14PN4.1526	36	22	86	101	226	670	56	107	883	213	252	478	464	299	17	1	49	62	6	77	78	9	38	0	203	2350	26	630	1211	480	199	160
GTEX.14PQA.1226	2	1	1	176	31	154	99	10	1125	414	468	498	216	172	47	0	45	27	0	0	50	0	20	0	2	594	39	84	473	48	15	43
GTEX.14XAO.0426	340	32	1407	91	50	155	274	312	25	131	13	7	6	120	44	0	210	199	1006	1168	63	2380	176	0	353	14	42	8	9	134	221	81
GTEX.15CHC.0126	1253	90	1095	161	647	119	466	281	11	398	178	11	5	11	214	0	260	245	969	637	2	1393	108	0	585	148	56	491	74	553	68	157
GTEX.15CHQ.0826	65	4	206	30	25	412	130	285	96	113	72	97	708	1317	11	0	109	83	7	312	460	8	243	0	149	134	109	69	259	92	63	79
GTEX.15CHR.1726	240	38	188	90	10	154	249	389	2	333	545	36	0	1	500	0	125	129	215	139	5	62	118	0	148	197	27	58	70	66	10	45
GTEX.15D1Q.0626	7	0	56	238	86	493	28	154	69	128	22	9	1510	1172	5	2	50	46	5	366	301	25	65	1	238	377	12	272	59	150	509	48
GTEX.15DDE.0626	225	27	55	21	27	242	462	86	710	814	1043	341	553	2341	492	1	96	20	135	45	701	21	19	54	91	700	12	25	362	189	39	95
GTEX.15DZA.0226	509	593	627	105	138	36	646	339	1	187	429	11	0	0	345	0	348	393	399	297	3	218	168	0	220	271	207	51	105	80	20	256
GTEX.15EO6.0126	97	18	238	173	135	623	52	108	73	320	80	46	180	475	13	0	19	18	56	821	58	449	15	0	245	327	1	93	43	157	254	69
GTEX.15ER7.0726	409	28	587	119	17	102	464	317	100	364	1158	126	33	210	183	0	174	118	232	248	46	163	100	0	358	389	50	21	197	93	30	130
GTEX.15ETS.0526	587	70	778	84	79	47	598	421	2	156	365	27	0	8	162	1	307	467	361	403	6	274	240	0	218	105	180	144	95	152	14	126
GTEX.15EU6.1426	357	162	1082	213	15	68	349	495	1	223	196	10	4	29	378	0	140	142	1264	639	17	619	170	0	117	90	33	6	27	101	68	52
GTEX.15FZZ.0226	84	3	27	122	473	36	26	5	0	41	2	2	0	1	4	1476	3	12	34	42	0	475	4	0	170	856	16	135	238	885	3010	541
GTEX.15G19.0626	16	15	99	191	8	630	132	339	519	177	254	230	404	585	54	0	120	151	9	104	493	0	139	0	56	389	115	118	167	53	84	92
GTEX.15G1A.0326	149	235	431	161	10	106	531	436	5	251	140	6	1	2	667	1	522	415	528	399	11	199	216	0	195	98	427	0	19	108	176	185
GTEX.15RIE.0426	473	655	460	422	139	59	399	654	2	299	184	13	0	0	638	4	239	266	520	383	1	143	197	0	290	53	75	165	163	466	21	769
GTEX.15RIF.0326	739	9	238	15	60	16	186	88	1	123	62	3	0	0	93	0	113	53	442	161	0	386	82	0	247	8	28	24	33	192	6	40
GTEX.15RJ7.0326	596	10	633	89	1083	179	185	287	1	221	71	1	1	23	96	0	121	120	409	417	5	863	83	0	434	29	21	146	27	170	44	54
GTEX.15RJE.1326	110	76	337	93	4	225	428	241	25	476	950	160	11	75	375	3	154	128	351	212	12	221	68	0	40	753	39	2	108	25	196	95
GTEX.15SB6.1526	721	1354	287	756	230	142	275	1132	0	347	287	3	0	0	1112	0	253	195	299	164	1	92	77	0	373	76	16	16	70	295	12	1026
GTEX.15SHU.0726	386	117	373	99	12	170	353	139	210	1045	438	285	66	240	226	0	116	109	340	380	14	503	39	0	375	248	12	65	64	124	251	113
GTEX.15SHV.0426	227	174	273	46	436	17	385	353	1	314	374	4	0	0	959	18	197	143	440	151	0	99	84	0	104	89	88	256	266	289	25	100
GTEX.15UF6.1126	77	30	227	93	122	283	105	203	82	495	348	132	172	404	138	0	72	41	135	259	96	88	65	0	398	348	14	30	336	298	107	67
GTEX.169BO.0326	369	492	325	138	404	37	108	196	0	326	41	0	0	1	190	9	46	51	520	347	1	786	32	0	433	28	6	203	18	340	111	295
GTEX.16AAH.0326	71	78	372	42	17	116	156	432	3	614	557	42	5	44	1018	21	194	92	450	264	26	67	91	0	148	256	21	4	106	70	25	68
GTEX.16BQI.0726	411	621	705	437	105	120	492	1239	1	319	463	6	0	0	738	1	416	498	334	415	1	162	460	0	264	177	288	135	310	238	30	860
GTEX.16GPK.0926	21	1	65	85	7	401	136	185	880	69	211	662	976	1096	10	3	158	167	2	73	452	7	118	0	49	307	38	29	248	29	15	68
GTEX.16MT8.0626	39	239	122	145	31	212	128	397	1	851	573	43	1	5	751	42	77	68	333	134	3	38	80	0	93	488	56	35	192	241	43	151
GTEX.16MTA.0726	621	883	384	223	285	83	559	1429	0	690	424	11	0	0	3527	0	443	283	625	239	2	82	196	0	451	72	58	53	53	285	4	620
GTEX.16NGA.0326	342	53	665	10	154	75	110	214	6	1545	283	1	17	54	689	179	80	20	3526	228	6	1194	35	1	603	347	6	114	145	345	253	92
GTEX.16NPX.1426	39	13	340	377	0	207	458	335	541	31	739	690	79	347	110	0	252	309	17	60	271	1	123	0	5	206	160	39	53	11	20	39
GTEX.16XZY.0726	699	319	223	227	1339	82	165	248	0	185	96	0	1	0	311	0	99	67	279	195	0	163	54	0	367	69	19	213	62	280	9	604
GTEX.16XZZ.0826	535	1	656	107	275	332	153	169	25	374	201	13	70	591	24	0	59	38	261	984	33	521	49	0	1111	364	3	2	97	309	129	97
GTEX.16YQH.0326	57	0	200	40	25	95	420	202	958	16	415	257	497	1105	9	0	340	206	7	114	1107	0	135	0	41	346	145	95	209	71	5	78
GTEX.16Z82.0426	25	1	28	55	30	448	221	160	771	31	199	713	526	736	6	0	151	74	0	77	332	0	88	0	19	259	86	58	338	41	22	59
GTEX.178AV.0726	292	301	1228	96	147	133	709	832	2	1011	425	8	3	35	1738	462	524	410	1689	319	32	531	282	0	312	251	298	353	149	341	352	152
GTEX.17EVP.0126	57	8	178	216	1	215	583	314	898	90	943	807	67	237	206	0	294	266	18	42	253	4	116	0	10	254	82	19	152	8	15	35
GTEX.17EVQ.0526	351	8	678	81	46	324	234	355	39	508	764	23	84	335	233	47	115	70	282	280	64	163	160	0	369	586	49	32	359	177	131	46
GTEX.17F96.0526	39	191	197	128	105	498	55	119	139	947	259	157	217	749	165	0	41	90	386	206	134	522	37	0	343	410	14	37	162	318	767	128
GTEX.17F97.0626	7	12	190	87	21	230	227	501	378	47	287	311	657	835	94	0	319	359	7	210	825	2	366	0	16	357	609	22	306	122	46	123
GTEX.17F9E.0626	231	530	358	561	49	77	712	985	7	496	759	153	1	9	1459	0	434	507	318	253	16	58	195	0	270	290	157	76	240	251	22	447
GTEX.17F9Y.0526	8	69	68	717	37	754	49	185	752	205	121	305	1113	424	9	0	49	136	0	189	241	2	43	0	102	1051	3	21	473	159	177	117
GTEX.17GQL.0226	78	152	121	13	0	44	140	167	1	680	187	17	0	7	728	0	100	33	882	175	4	987	45	0	112	134	4	5	29	87	140	45
GTEX.17HG3.0226	3	5	26	38	1	235	128	116	913	14	75	412	850	216	1	41	113	127	2	46	314	1	92	0	0	1099	63	20	145	18	835	49
GTEX.17HGU.0826	290	123	419	196	196	326	433	399	4	317	410	37	1	5	342	1	237	516	263	251	4	102	218	0	230	180	313	34	136	241	48	172
GTEX.17HHE.0426	1550	573	146	356	87	90	917	473	1	1465	844	37	0	0	2786	0	386	202	379	133	3	107	45	0	432	212	38	350	157	296	13	379
GTEX.17HHY.0826	18	2	50	67	15	173	78	106	488	82	108	320	809	1505	7	0	108	90	5	62	513	1	63	0	22	340	13	21	340	25	5	31
GTEX.17HII.1926	204	32	611	265	30	351	273	440	55	845	822	201	126	620	345	0	115	123	183	427	109	63	152	0	172	234	27	68	233	98	35	68
GTEX.17JCI.0626	103	2	128	79	1	209	117	141	129	355	538	166	56	91	111	0	23	20	51	130	16	75	35	0	139	455	9	110	36	62	178	23
GTEX.17KNJ.1026	896	778	249	672	778	90	531	346	0	293	207	3	0	0	297	11	238	405	141	132	1	151	74	0	614	151	67	572	227	557	50	1307
GTEX.17MF6.0626	428	9	666	85	179	227	82	249	10	509	209	25	44	214	115	0	32	16	606	856	20	500	55	0	782	172	3	100	100	507	53	56
GTEX.183FY.0626	141	151	479	70	27	46	228	409	1	103	281	22	2	7	426	6	99	83	337	304	3	57	108	0	76	71	20	12	51	20	2	141
GTEX.183WM.2626	6	19	89	371	134	541	23	85	58	511	36	104	704	655	39	2	20	33	49	435	130	85	39	119	233	537	14	215	233	227	1196	55
GTEX.18465.1426	107	2	154	103	42	215	127	157	370	739	470	119	565	1608	65	13	106	84	91	133	611	73	71	72	252	571	12	105	522	188	52	101
GTEX.18A66.0826	231	99	137	14	161	90	107	196	0	1148	240	4	4	3	916	0	52	17	596	197	2	160	38	0	534	188	7	22	71	323	23	146
GTEX.18A67.0826	242	247	496	40	4	93	324	407	10	728	484	25	12	38	978	10	232	63	1222	385	19	318	135	0	155	213	32	154	16	82	60	164
GTEX.18A6Q.0726	96	18	444	256	6	130	743	344	470	41	774	694	93	416	37	1	391	328	34	286	182	13	215	0	59	135	263	15	138	30	44	126
GTEX.18A7A.0826	343	213	281	124	38	77	593	387	46	229	1236	221	6	35	576	1	240	150	214	133	17	75	109	1	108	338	62	72	214	207	23	226
GTEX.18D9A.0126	504	80	669	52	124	126	217	251	1	188	160	20	0	6	207	1	109	114	712	443	0	451	94	0	348	145	24	77	111	320	47	72
GTEX.18D9B.0726	105	606	232	577	6	188	560	1101	1	204	1733	114	0	0	1030	0	410	257	115	82	3	28	396	1	44	593	285	0	661	55	2	971
GTEX.18D9U.1026	148	77	285	84	6	30	536	295	1	75	530	6	0	0	367	0	410	290	148	92	0	45	121	0	38	70	177	7	158	18	6	93
GTEX.18QFQ.0726	78	416	50	199	52	65	518	423	2	137	982	45	3	3	586	0	387	220	29	39	3	4	102	0	88	348	168	3	339	64	6	475
GTEX.1A3MV.0326	43	519	131	241	141	48	588	709	0	51	785	43	0	0	1146	1	484	159	56	32	5	9	118	403	21	174	82	265	600	285	0	412
GTEX.1A8FM.0726	563	69	1230	413	63	683	267	829	226	1273	245	89	650	1755	530	0	198	198	655	1077	365	882	302	0	696	293	54	8	163	168	418	192
GTEX.1A8G6.0626	67	334	349	380	61	1059	608	1204	88	1655	1944	462	53	262	2628	0	490	418	361	318	226	38	271	0	138	768	131	372	641	310	76	275
GTEX.1A8G7.1026	22	1	90	139	1	390	199	458	1532	39	217	494	1586	1390	6	0	226	212	3	91	1165	0	321	0	12	611	95	16	252	27	34	69
GTEX.1AMEY.0126	827	231	200	30	193	118	115	105	0	1541	261	22	1	0	417	2	46	26	593	111	0	665	16	0	855	471	8	17	118	288	68	98
GTEX.1AMFI.0526	1158	42	806	19	25	16	374	288	0	90	104	7	0	1	342	0	152	81	1222	214	1	352	114	0	115	19	24	37	8	29	4	45
GTEX.1AX8Z.0826	213	10	363	198	973	286	107	179	6	171	34	122	5	23	18	0	54	175	201	542	7	609	126	0	851	58	8	437	336	873	87	136
GTEX.1AX9I.0626	167	40	448	93	3	349	342	459	301	229	377	294	201	736	100	0	177	239	57	388	259	42	242	1	78	110	35	18	49	31	32	90
GTEX.1AX9J.2126	19	1082	143	127	2	32	216	489	33	542	840	74	3	14	1379	7	174	137	141	45	16	5	110	0	67	361	82	20	103	46	31	426
GTEX.1AX9K.0626	603	75	719	134	69	73	198	291	2	439	287	22	1	24	152	1	82	139	670	685	4	480	156	0	418	302	43	420	162	211	31	224
GTEX.1AYCT.0226	286	139	528	33	253	56	347	350	0	280	316	4	1	30	800	0	197	87	802	262	23	144	104	0	178	86	43	304	57	206	3	229
GTEX.1B8KE.0626	3485	410	771	899	223	298	1528	558	12	352	372	77	0	3	352	0	676	1720	535	634	8	1876	559	0	699	159	805	46	294	256	202	554
GTEX.1B8KZ.0426	1092	893	1116	146	200	103	541	806	4	697	578	10	0	2	1646	39	391	262	1779	390	1	875	140	0	638	651	82	466	237	364	137	682
GTEX.1B8L1.1626	188	223	345	169	21	99	546	700	33	382	1934	35	1	39	705	0	269	339	112	146	26	15	202	0	79	375	121	24	352	85	9	261
GTEX.1B8SF.0626	7	4	13	92	85	463	13	87	460	91	25	279	3309	700	9	0	15	7	0	42	349	5	16	0	187	759	1	304	273	231	252	85
GTEX.1B8SG.1126	8	82	28	323	12	127	226	406	952	29	459	1148	130	67	31	1	207	261	0	19	280	1	157	0	24	410	354	347	340	70	440	257
GTEX.1B932.0926	1	99	5	99	0	42	158	203	3	52	702	203	0	1	430	0	127	68	3	10	2	0	28	1	3	179	3	5	136	7	0	74
GTEX.1B933.1026	63	965	265	218	117	111	182	379	409	658	1078	87	284	513	274	0	113	64	112	215	330	16	77	0	210	1501	13	75	1448	274	60	1136
GTEX.1B97I.0326	1081	142	377	63	56	136	173	163	1	434	283	5	0	2	343	0	74	57	860	383	0	658	62	0	523	188	18	30	75	209	18	256
GTEX.1B97J.0626	259	422	405	84	118	53	99	466	1	500	395	3	0	3	667	0	72	77	520	198	1	151	61	0	450	204	10	9	63	223	18	193
GTEX.1BAJH.0926	30	2	33	129	34	255	58	139	477	99	152	109	957	478	6	0	42	29	4	108	299	0	52	0	202	493	5	20	286	96	50	64
GTEX.1C2JI.0326	589	3030	306	707	691	204	122	564	1	608	77	9	1	0	478	2	55	69	789	597	0	712	31	0	611	127	13	342	67	406	159	2560
GTEX.1C475.0226	164	2084	291	19	73	144	252	121	2	260	37	2	0	8	236	3532	91	34	663	228	8	997	35	0	64	806	30	41	152	387	2589	310
GTEX.1C4CL.0726	353	684	284	169	30	23	375	421	1	349	1227	9	0	0	288	0	114	96	159	190	0	44	74	0	305	839	53	23	450	168	6	826
GTEX.1C64N.1026	0	1	3	77	20	34	8	15	331	151	87	63	533	160	6	1	9	12	0	19	106	1	3	0	37	288	0	16	171	40	37	76
GTEX.1C6VQ.0526	1	1	7	58	228	461	0	56	27	10	3	60	3044	441	0	0	5	0	0	159	92	0	15	0	136	203	1	52	40	300	235	64
GTEX.1C6VR.0426	337	46	447	55	70	126	258	235	135	305	251	133	46	288	241	2	112	107	192	357	105	61	61	0	114	81	9	232	35	183	20	87
GTEX.1C6VS.0826	46	97	63	411	8	461	881	728	1917	649	594	725	1562	2409	447	17	1056	1038	13	143	5299	0	501	1	22	700	847	20	284	139	139	348
GTEX.1CAMQ.1126	221	433	568	359	31	650	367	1197	58	854	820	81	78	277	1367	0	260	219	188	384	130	35	347	2	242	238	126	140	84	129	37	381
GTEX.1CAMR.0226	2191	61	180	13	204	37	532	101	0	223	134	3	0	0	173	12	169	63	247	100	0	518	31	0	383	186	59	98	230	370	110	152
GTEX.1CAMS.0826	855	233	1256	193	251	297	580	452	7	470	793	255	1	14	375	1	257	374	1212	810	3	1173	210	7	775	1127	88	132	308	519	264	258
GTEX.1CB4E.0326	566	496	596	319	202	356	278	776	3	470	494	45	1	3	815	0	209	177	607	536	4	383	107	0	535	369	22	35	168	364	37	516
GTEX.1CB4F.0826	779	451	450	319	44	200	1447	810	9	190	772	52	0	0	1378	0	722	474	226	182	7	75	292	0	149	142	628	2	90	154	27	448
GTEX.1CB4G.1526	1	11	17	35	4	541	19	264	312	9	23	150	2009	426	2	1	35	31	0	58	641	1	157	0	14	207	12	4	136	62	45	196
GTEX.1CB4H.0126	56	193	237	195	23	110	509	450	287	244	1153	223	116	291	1003	0	229	160	103	124	487	7	109	1	72	542	60	49	530	117	42	183
GTEX.1CB4I.0726	970	727	697	105	193	66	363	539	2	414	111	1	1	5	687	0	216	151	1088	603	3	698	192	0	631	69	51	36	57	407	50	724
GTEX.1CB4J.1426	93	933	480	554	81	1314	246	1097	46	2112	710	195	60	271	1843	0	282	245	578	994	267	239	150	0	299	563	48	59	95	281	365	495
GTEX.1E1VI.0726	79	44	188	188	21	275	293	299	525	230	298	360	703	1638	49	2	212	188	41	253	906	8	129	3	78	282	65	255	273	78	41	165
GTEX.1EH9U.0926	151	16	206	33	44	84	158	228	18	479	793	86	16	36	298	0	58	49	98	146	11	19	59	0	192	639	7	168	512	91	6	86
GTEX.1EKGG.0726	72	27	309	335	22	707	442	1020	2732	514	419	1097	1736	3688	214	0	697	426	39	149	4503	5	357	0	125	840	176	142	552	272	213	492
GTEX.1EMGI.0826	250	137	476	57	44	290	342	469	142	536	640	284	98	359	586	0	164	157	233	407	185	29	145	1	308	416	38	0	441	87	14	184
GTEX.1EN7A.1026	751	65	336	83	6	111	803	221	88	716	1476	285	7	76	575	0	242	251	328	175	18	112	93	0	121	499	60	6	295	80	27	98
GTEX.1EU9M.0626	34	283	138	361	53	739	84	271	685	755	194	337	907	616	88	4	66	90	115	308	341	52	59	0	123	568	7	243	287	318	452	270
GTEX.1EWIQ.0826	7	18	28	75	27	344	57	112	1137	223	185	461	1803	1284	25	0	75	79	3	29	663	1	40	0	70	554	25	86	293	122	155	121
GTEX.1EX96.0126	14	601	172	445	6	294	651	1189	396	115	789	465	479	515	627	0	834	700	20	188	1280	0	403	1	19	338	429	8	188	33	20	848
GTEX.1F48J.0926	173	101	403	65	15	91	124	180	43	1471	280	58	28	90	213	0	61	67	794	284	18	639	55	0	381	496	36	6	109	96	356	121
GTEX.1F52S.0526	66	18	98	49	16	108	480	174	473	587	1350	195	219	741	245	0	274	118	40	57	1022	3	47	0	37	659	59	17	553	51	2	144
GTEX.1F5PL.0826	600	285	1909	495	43	174	560	781	6	219	494	94	0	20	190	0	460	1027	967	1149	23	1378	363	0	771	423	142	39	267	228	148	288
GTEX.1F6IF.1126	19	27	183	481	5	526	151	667	685	116	165	461	2274	1889	47	0	137	144	7	399	1170	1	186	0	41	321	68	29	235	75	39	245
GTEX.1F75A.0326	20	9	11	123	30	504	105	131	1385	389	289	705	1200	703	31	0	96	61	1	32	625	2	66	0	49	603	30	115	827	76	51	135
GTEX.1F75B.0826	146	79	769	43	157	58	101	215	44	955	443	74	265	1897	366	15	79	36	799	528	321	229	46	2	540	466	4	42	590	374	44	92
GTEX.1F75I.0926	542	2	733	10	58	48	71	199	1	66	39	3	1	5	6	0	22	17	244	585	0	1302	95	0	969	32	6	0	17	71	65	25
GTEX.1F88F.0726	7	8	5	66	729	232	5	14	22	303	2	56	1108	422	11	0	1	7	11	71	25	209	11	0	378	36	2	1585	79	1006	1883	72
GTEX.1FIGZ.0226	692	288	792	170	136	97	532	651	2	357	412	5	0	10	864	0	411	285	654	401	4	231	227	0	432	74	138	65	49	166	11	240
GTEX.1GF9U.0226	60	176	177	967	1	146	215	182	40	275	596	122	3	24	82	0	80	220	71	359	13	77	14	0	71	256	33	1	19	30	61	163
GTEX.1GF9V.0926	100	15	130	246	35	560	101	365	266	264	18	158	4081	3807	24	0	115	97	26	368	1204	54	146	0	329	160	10	18	64	188	451	152
GTEX.1GF9W.0626	68	8	300	32	56	209	80	200	66	331	143	50	679	1952	154	2	52	44	229	268	555	29	78	0	183	348	15	27	253	172	42	106
GTEX.1GF9X.0126	297	5	95	9	650	123	28	26	0	355	35	4	1	0	24	0	18	11	385	94	0	481	17	0	455	168	6	479	123	541	11	62
GTEX.1GL5R.0626	368	739	112	126	353	224	82	421	0	1418	15	18	0	0	1476	0	64	23	1058	715	5	601	21	2	689	0	32	146	1	251	82	312
GTEX.1GMR3.0726	256	41	375	24	7	9	290	139	38	348	325	23	37	510	394	0	130	96	636	176	194	153	64	0	120	81	32	108	71	48	16	48
GTEX.1GMR8.0826	37	6	182	180	10	305	214	238	358	81	428	338	333	541	52	1	186	139	28	143	264	22	115	0	79	815	95	31	199	49	35	78
GTEX.1GMRU.1126	18	1	129	97	1	71	396	271	1049	44	170	417	303	1458	28	0	455	468	13	122	1645	1	219	0	39	102	259	120	109	54	4	89
GTEX.1GN1U.0826	123	22	135	138	85	225	214	246	297	939	933	237	268	548	329	0	101	84	62	161	210	26	66	1	288	452	18	114	418	159	50	85
GTEX.1GN1V.0626	19	13	49	250	51	216	174	180	890	383	350	520	655	1056	67	0	187	165	6	51	752	2	54	0	89	258	68	264	378	91	36	132
GTEX.1GN1W.0126	617	35	1077	26	309	63	149	352	0	256	161	2	2	14	342	5	115	94	1530	340	5	629	90	0	540	87	9	33	83	335	21	81
GTEX.1GN2E.0826	189	64	367	722	97	823	280	371	464	707	353	524	311	698	68	2	133	284	83	651	164	288	127	0	894	438	58	66	270	533	649	181
GTEX.1GN73.0826	107	6	354	67	43	231	206	199	890	127	267	150	339	861	72	100	92	50	84	202	349	53	43	2	49	287	34	59	15	32	165	58
GTEX.1GPI7.0726	1447	78	1090	43	12	58	674	390	5	252	665	14	2	15	308	0	365	207	518	230	6	334	145	0	457	157	142	17	178	68	13	180
GTEX.1GTWX.0726	182	30	618	204	33	114	142	299	110	255	203	149	91	396	54	0	81	126	163	532	39	336	148	0	264	68	38	47	33	115	84	61
GTEX.1GZ2Q.0826	1	1	35	352	27	487	40	232	794	40	36	398	1617	424	4	1	103	108	1	65	534	0	96	4	43	415	46	60	189	125	122	125
GTEX.1GZ4H.0226	3	675	23	25	234	320	77	97	8	191	122	24	0	0	66	3	28	33	25	41	0	28	17	0	111	133	7	30	115	340	1106	137
GTEX.1GZ4I.0626	132	7	352	147	66	264	145	501	123	219	101	196	699	1890	80	0	171	193	70	590	1057	18	266	0	377	69	46	208	79	147	18	114
GTEX.1GZHY.1426	27	8	68	162	46	278	118	275	638	163	165	282	804	1555	83	0	104	50	11	227	965	1	53	0	97	315	7	75	230	171	12	80
GTEX.1H11D.0626	246	445	628	326	108	216	217	562	28	301	233	49	3	25	232	0	140	163	268	282	31	396	170	0	270	168	91	138	75	179	95	473
GTEX.1H1CY.0726	3	1	1	17	172	112	10	17	848	119	80	128	1911	252	2	0	23	8	0	6	141	0	15	0	70	1351	20	27	519	301	136	34
GTEX.1H1DE.0226	584	810	2082	468	227	100	1485	1164	90	545	2263	89	8	347	1379	0	798	778	925	770	407	141	397	0	660	835	240	87	772	353	34	871
GTEX.1H1DF.1026	2	0	19	38	8	211	133	264	1123	16	103	644	671	649	1	0	263	147	0	34	1164	0	225	0	20	424	226	17	266	62	18	39
GTEX.1H1DG.0726	147	17	420	67	11	189	262	435	68	415	575	45	75	506	286	0	143	187	157	424	198	7	183	0	144	179	81	26	87	77	11	145
GTEX.1H1E6.0326	1138	149	1184	92	363	76	544	389	1	540	113	6	0	8	680	0	333	154	2887	837	9	1832	162	10	705	54	175	38	143	506	42	229
GTEX.1H1ZS.0726	0	93	73	100	65	368	287	424	551	62	416	792	162	138	201	211	291	372	3	80	312	0	252	0	3	668	222	56	425	128	95	251
GTEX.1H2FU.0626	3	66	77	146	18	404	85	135	288	283	214	417	302	252	25	0	78	141	35	157	116	52	76	232	28	735	31	17	268	71	724	70
GTEX.1H3VE.0826	13	64	608	498	69	731	152	624	489	108	484	529	693	1235	54	0	145	162	63	385	608	8	228	3	85	928	90	184	514	142	28	197
GTEX.1HB9E.0826	58	41	619	58	288	358	193	509	28	675	650	82	120	598	629	0	176	222	277	482	268	10	168	0	393	367	52	38	467	303	17	180
GTEX.1HBPH.0926	107	21	718	100	27	79	317	343	981	130	414	320	354	2050	62	0	248	280	86	194	637	41	99	0	114	158	48	7	135	208	42	60
GTEX.1HBPI.0826	15	53	151	271	34	176	250	703	726	227	326	463	1375	3192	99	117	586	462	31	191	4389	1	337	0	90	373	178	109	281	205	65	240
GTEX.1HBPM.0926	84	50	306	115	50	317	422	383	47	672	503	41	28	201	561	0	240	437	187	288	156	21	262	0	105	131	290	40	83	121	13	132
GTEX.1HBPN.1226	1664	529	873	183	329	18	577	435	2	170	34	1	0	9	90	0	341	338	254	835	7	1104	209	0	1402	9	57	9	13	233	64	719
GTEX.1HC8U.1226	88	134	739	280	330	111	232	467	10	253	635	23	3	34	197	0	176	171	263	336	25	159	189	0	283	441	130	4	386	200	50	119
GTEX.1HCU7.0826	121	15	407	112	115	393	116	340	209	201	127	108	293	745	25	0	82	128	70	673	178	153	210	0	290	123	44	168	84	138	78	116
GTEX.1HCU9.0226	102	90	212	54	10	97	297	247	141	729	539	96	68	176	421	371	185	157	266	151	53	435	72	0	214	1070	49	3	296	104	1218	179
GTEX.1HCUA.0126	1326	87	882	116	61	44	581	260	14	695	477	55	2	20	513	0	299	433	1078	334	12	811	75	0	846	132	31	11	142	257	25	85
GTEX.1HCVE.0726	5	7	33	141	75	262	31	84	1153	206	78	263	1595	1193	34	0	36	51	6	37	303	0	27	0	115	670	3	107	367	232	195	99
GTEX.1HFI6.1326	110	143	645	279	93	71	365	519	121	493	514	60	137	942	431	0	213	257	143	449	452	8	245	0	232	240	175	66	228	132	18	242
GTEX.1HFI7.0326	163	9	304	22	276	72	59	158	0	206	122	4	0	2	66	0	50	70	443	277	0	377	83	0	243	100	2	307	86	155	45	39
GTEX.1HGF4.0726	31	201	84	131	3	63	853	817	7	99	601	239	1	17	2023	0	638	278	41	25	37	6	218	0	13	21	212	59	33	24	7	176
GTEX.1HKZK.0826	352	77	512	58	32	85	428	383	3	552	563	21	6	35	573	3	233	250	402	358	13	106	176	0	347	353	149	10	171	183	52	161
GTEX.1HR98.0326	2	1	7	89	12	482	7	82	59	22	15	122	1063	396	0	0	17	24	0	56	230	0	42	0	35	127	7	143	205	28	31	63
GTEX.1HR9M.0626	8	32	30	39	68	169	84	149	284	185	219	51	895	1304	183	0	77	38	6	31	846	0	37	0	69	145	76	593	98	119	22	154
GTEX.1HSEH.0826	707	44	538	37	69	151	437	238	15	665	458	34	6	67	541	0	185	131	633	249	28	389	90	0	300	201	44	245	224	207	31	111
GTEX.1HSGN.0726	2709	27	283	44	1038	185	275	117	0	284	121	3	0	6	177	0	128	71	364	224	0	764	50	1	856	119	33	526	209	426	28	140
GTEX.1HSKV.1026	5	4	15	135	26	165	32	115	905	56	68	412	2357	1109	2	0	50	50	0	76	366	15	35	1	43	241	5	139	343	79	53	66
GTEX.1HSMO.0726	9	46	266	171	6	356	325	662	189	95	873	290	181	477	517	0	208	162	38	139	618	0	98	0	12	235	19	25	327	30	4	141
GTEX.1HSMQ.0526	502	184	393	68	138	75	486	327	12	549	832	57	2	15	999	1	251	164	473	253	27	120	92	0	347	413	27	210	453	378	8	332
GTEX.1HT8W.1526	2	0	0	261	30	776	115	261	1855	55	270	1178	1354	147	5	1	374	335	0	32	1441	0	170	1	26	789	195	123	797	84	23	209
GTEX.1HUB1.1226	23	55	52	386	107	540	106	181	139	413	68	58	742	547	99	0	66	152	5	337	259	15	106	0	291	85	129	1	160	115	340	119
GTEX.1I19N.0226	9	6	10	71	90	954	34	125	121	231	48	30	1546	922	20	0	67	40	2	87	403	4	75	22	68	203	33	117	100	136	221	80
GTEX.1I1GP.0326	59	5	297	140	70	484	140	386	78	214	127	88	431	1365	54	0	126	158	33	634	722	22	214	0	279	453	23	257	326	173	105	107
GTEX.1I1GQ.0826	242	37	404	69	597	241	203	238	51	1506	428	169	24	253	307	18	94	107	447	555	68	277	102	2	696	260	7	33	308	375	145	161
GTEX.1I1GR.1126	53	22	192	276	3	209	429	256	934	285	330	700	502	1448	91	0	295	345	26	174	900	2	139	0	34	210	57	182	308	33	13	119
GTEX.1I1GS.0726	29	92	139	139	251	215	352	1060	10	757	1083	202	6	53	1688	0	385	252	30	166	58	1	238	0	108	202	30	390	369	183	1	300
GTEX.1I1GT.0826	656	59	342	85	69	34	415	309	0	691	296	5	0	4	2098	0	234	127	1570	138	8	249	80	0	312	13	54	89	18	153	10	116
GTEX.1I1GU.0826	152	51	1245	367	297	106	536	889	1	258	721	138	0	78	789	0	359	386	708	513	57	155	158	6	114	172	32	513	284	136	3	135
GTEX.1I1GV.0726	7	3	90	498	87	937	48	458	239	17	11	376	2410	1405	3	0	103	79	1	277	762	0	191	0	38	55	49	38	124	153	65	106
GTEX.1I6K6.0726	60	107	192	18	8	128	40	78	2	244	23	2	3	37	46	632	12	13	337	261	7	707	16	0	118	216	6	1	5	43	823	52
GTEX.1I6K7.1126	323	60	969	108	11	129	262	360	5	233	184	44	1	52	171	0	203	358	860	489	20	792	201	0	234	62	95	13	31	61	36	64
GTEX.1ICG6.0426	176	1342	420	143	521	253	80	346	0	772	174	1	0	2	1084	2	69	32	1102	306	0	304	30	0	583	227	6	18	63	492	63	625
GTEX.1ICLY.0726	37	9	97	34	28	207	275	198	97	253	1432	306	13	55	504	0	83	37	50	47	33	8	38	0	29	641	16	45	302	48	3	68
GTEX.1ICLZ.0526	5	18	41	247	83	1347	56	191	233	139	90	243	1793	1106	16	0	55	56	2	536	353	7	70	0	86	404	31	53	488	95	339	151
GTEX.1IDJC.1026	86	6	56	14	454	35	16	37	0	723	8	0	11	8	42	1	6	0	160	433	1	2318	6	0	2186	70	0	80	31	500	1154	33
GTEX.1IDJH.0826	192	18	300	144	188	255	113	178	157	482	38	22	336	1188	53	16	86	95	87	434	228	348	71	0	480	29	21	80	8	170	330	138
GTEX.1IDJU.1626	752	437	386	130	166	212	298	519	1	1894	112	2	0	6	2495	4	301	220	2057	529	20	766	134	0	668	118	87	76	21	326	67	308
GTEX.1IE54.0926	30	4	334	50	85	278	100	306	312	257	177	317	656	2111	68	0	152	143	181	169	829	91	180	51	191	319	235	312	499	180	79	64
GTEX.1IGQW.0626	2	3	1	32	238	151	43	30	671	141	99	228	3261	386	8	0	18	5	0	14	274	2	5	0	239	757	5	34	449	355	180	86
GTEX.1IKJJ.1026	5	5	6	174	166	730	4	28	359	102	11	327	3481	379	1	1	3	2	1	102	102	6	8	0	108	544	0	159	296	238	761	233
GTEX.1IKOE.0926	179	116	279	11	45	15	214	97	55	311	1030	16	7	43	149	0	72	21	157	153	13	101	19	1	191	647	9	3	152	69	37	81
GTEX.1IKOH.0626	7	1	10	69	28	693	84	286	429	42	27	158	1198	867	8	0	98	84	1	61	1123	0	179	0	53	172	50	72	139	72	22	47
GTEX.1IL2U.0826	415	34	343	77	362	318	311	293	23	1046	416	59	19	144	407	0	192	128	212	393	22	267	114	2	899	162	69	15	124	504	89	123
GTEX.1IL2V.0626	655	93	1591	176	35	175	1039	520	103	890	1073	189	60	709	1287	0	455	351	1277	701	233	218	284	0	297	211	260	6	145	63	23	119
GTEX.1IOXB.1026	0	0	0	23	24	282	25	49	1145	19	71	717	954	278	1	0	67	19	0	2	447	0	25	0	2	957	11	271	719	76	8	53
GTEX.1IY9M.1026	1	0	1	137	49	422	30	57	859	65	148	585	492	149	6	0	55	35	0	3	223	0	20	0	13	973	15	56	989	83	22	100
GTEX.1J1OQ.0526	92	66	572	369	3	201	640	577	604	254	520	187	312	1623	279	0	537	770	192	213	2087	22	239	0	68	194	241	13	80	25	26	104
GTEX.1J1R8.0126	1146	466	687	144	30	56	555	664	0	101	133	2	1	0	669	0	379	258	421	347	0	210	213	0	337	14	124	230	15	88	12	501
GTEX.1J8EW.1126	497	57	96	17	132	44	387	137	86	2363	666	169	60	524	1084	4	151	37	256	45	103	140	38	0	247	347	42	60	322	578	73	117
GTEX.1J8JJ.0726	15	9	36	135	4	364	317	231	1710	131	251	552	926	1266	45	0	203	161	4	57	1282	0	98	0	35	343	58	163	207	34	43	59
GTEX.1J8Q3.0226	1072	111	196	76	53	32	217	180	0	412	368	1	0	0	670	0	88	36	800	152	0	255	21	0	193	51	1	0	26	65	2	93
GTEX.1J8QM.0726	30	222	407	178	700	58	5	321	1	774	69	0	4	19	270	192	8	1	992	224	14	1073	13	0	606	259	0	245	85	509	504	183
GTEX.1JJ6O.0626	52	29	71	122	228	512	24	54	16	285	11	46	10	57	11	0	13	17	24	426	17	527	26	0	757	65	2	57	21	344	1356	64
GTEX.1JJE9.0226	20	7	116	41	0	142	301	263	407	95	248	143	541	1468	155	1	231	166	24	77	1117	0	176	0	16	168	277	4	95	16	21	144
GTEX.1JJEA.0626	33	6	84	462	434	1269	108	389	290	223	60	142	1025	932	17	3	125	231	7	246	826	8	283	0	167	146	167	244	310	128	66	187
GTEX.1JK1U.0326	259	54	474	77	149	19	115	183	1	483	50	0	0	15	113	194	65	62	1039	406	4	1412	63	0	673	286	15	121	93	398	411	164
GTEX.1JKYN.1126	2998	92	370	49	121	68	310	81	2	96	17	1	1	4	16	0	144	74	219	181	4	3458	30	0	1186	43	26	39	25	570	503	286
GTEX.1JKYR.0826	487	89	512	75	20	64	174	334	1	155	136	10	0	1	295	0	96	52	573	444	1	272	95	0	203	143	20	58	67	101	17	210
GTEX.1JMLX.0826	900	93	435	168	4	103	1007	428	40	487	982	43	2	52	804	0	311	250	262	164	68	121	161	0	132	109	84	0	48	31	17	69
GTEX.1JMPY.0126	1135	631	620	257	466	123	912	394	11	1295	1668	54	8	45	1341	16	543	263	1217	467	27	743	180	0	692	1075	298	1026	738	437	100	500
GTEX.1JMPZ.0626	23	262	217	584	26	159	511	430	828	149	809	855	173	219	163	1	233	333	14	212	288	8	178	0	33	665	95	0	241	134	85	307
GTEX.1JMQJ.2026	82	16	454	161	125	583	208	634	302	50	222	244	1020	1106	20	0	191	162	39	399	570	65	607	0	212	233	327	28	591	145	49	208
GTEX.1JMQK.2126	199	42	304	222	97	569	379	250	51	716	962	95	26	100	460	2	133	97	396	335	20	179	45	0	364	1060	8	61	521	191	108	120
GTEX.1JMQL.0926	157	53	569	282	191	894	270	562	513	1450	296	257	908	956	116	0	184	357	154	899	305	323	533	0	771	1210	146	44	449	373	1244	229
GTEX.1JN6P.0626	24	89	58	33	5	56	445	258	360	738	506	445	464	833	997	77	205	53	36	153	1728	1	60	2	13	572	30	254	94	56	123	210
GTEX.1K2DA.1526	754	4	263	104	1394	189	78	109	16	111	7	1	67	69	6	1	33	24	114	570	27	2114	38	0	1107	57	3	385	5	469	523	156
GTEX.1K2DU.0126	399	171	717	291	1278	391	158	447	137	387	161	50	148	659	62	0	104	188	152	1244	176	738	216	0	1739	365	35	248	458	390	363	431
GTEX.1K9T9.0826	247	109	116	169	144	539	373	336	62	1352	960	77	52	89	714	0	289	131	148	183	56	129	76	0	340	332	24	117	91	221	78	222
GTEX.1KAFJ.0426	38	267	141	404	12	95	111	241	598	65	118	265	708	1038	19	2	82	77	30	204	393	25	44	0	70	164	35	187	43	44	50	185
GTEX.1KANC.0826	1159	133	125	18	58	46	100	94	0	225	117	0	0	0	98	0	27	21	213	116	0	299	23	46	573	62	4	4	39	185	10	190
GTEX.1KD4Q.1026	20	24	44	389	29	471	122	262	1966	429	185	282	2024	1440	3	1	132	84	0	191	932	8	136	0	130	1292	23	98	306	149	511	344
GTEX.1KD5A.0426	5	306	139	1022	241	451	3	622	358	761	185	67	1297	1292	78	67	9	1	26	422	696	19	43	8	434	437	0	276	343	512	185	304
GTEX.1KXAM.1726	2815	134	563	128	838	136	164	254	0	1109	45	2	0	0	443	0	113	95	1498	370	1	1337	31	0	1543	33	6	437	16	653	23	265
GTEX.1LB8K.0626	60	44	240	132	144	1061	263	538	985	148	140	454	880	1047	37	7	142	140	18	300	878	6	335	0	170	206	120	26	185	207	102	302
GTEX.1LBAC.0726	578	19	662	26	10	4	360	236	3	135	146	3	4	33	239	0	150	124	743	239	9	281	102	0	158	49	52	9	69	24	13	44
GTEX.1LG7Y.0626	0	1	2	348	712	1896	23	305	1589	65	18	946	9306	922	1	1	100	55	0	41	1680	0	173	0	111	578	32	434	622	444	65	266
GTEX.1LG7Z.0526	863	36	270	99	472	110	153	93	3	87	102	7	0	2	34	1	50	53	246	241	2	652	32	433	565	128	13	290	64	235	24	70
GTEX.1LGRB.1226	122	60	137	194	524	381	27	101	7	879	21	16	4	2	64	0	27	47	202	807	5	1913	14	0	1340	87	3	138	81	857	834	120
GTEX.1LH75.0626	206	315	240	103	511	420	34	164	2	2121	101	15	28	92	599	0	7	7	874	258	17	457	10	0	725	252	1	136	108	415	92	342
GTEX.1LSVX.0726	138	73	918	446	476	670	81	422	82	920	76	113	186	917	61	0	58	70	238	1105	145	857	131	0	720	212	17	405	46	636	1267	151
GTEX.1LVAM.0826	191	261	323	47	447	138	58	203	0	280	104	4	0	0	270	7	61	35	641	190	1	274	40	2	187	127	6	118	302	330	29	260
GTEX.1LVAN.0726	612	639	1257	530	149	160	611	917	6	1296	947	29	14	119	932	0	283	382	1251	1048	38	520	230	4	563	318	97	84	138	395	98	448
GTEX.1M4P7.0626	0	3	0	146	19	925	15	113	1344	33	50	1224	2583	232	6	1	18	12	0	7	370	0	20	0	4	688	2	97	485	65	50	93
GTEX.1MA7X.0926	9	337	11	336	254	857	189	638	1324	174	206	516	1237	646	59	81	201	162	1	64	1712	1	272	3	41	261	52	408	537	216	54	1310
GTEX.1MCC2.0526	627	312	636	49	63	164	601	425	6	249	227	4	5	34	736	0	325	281	659	208	47	277	171	0	182	104	94	223	34	96	22	214
GTEX.1MGNQ.0726	551	84	352	145	24	94	268	227	2	397	115	7	6	4	360	1	148	197	701	184	2	519	52	0	207	26	18	1	10	60	43	66
GTEX.1MJK2.0826	2	7	11	378	0	136	305	185	2677	20	328	621	259	120	17	0	329	422	0	24	764	0	143	0	2	237	260	1	226	10	5	93
GTEX.1MJK3.0326	453	708	537	380	33	88	516	605	15	182	1209	131	1	8	422	6	185	211	94	167	16	62	85	16	218	685	5	34	288	89	45	601
GTEX.1MUQO.0726	2125	87	608	110	415	93	535	312	2	145	176	2	0	2	229	0	252	223	394	287	1	394	141	0	461	92	92	49	68	451	37	298
GTEX.1N5O9.1026	7	5	23	49	19	380	168	209	1376	132	171	648	1593	1979	51	0	303	86	2	20	3013	0	107	0	13	819	129	1668	550	92	14	106
GTEX.1NUQO.0926	264	390	744	103	568	203	258	282	0	284	510	10	2	3	438	0	138	94	823	234	6	185	111	894	215	405	51	701	742	188	58	320
GTEX.1NV5F.0726	19	184	91	132	11	144	303	357	97	1348	963	399	60	71	1456	0	201	124	324	121	66	36	163	1	153	649	322	2	596	65	51	150
GTEX.1O97I.1026	457	52	437	364	277	291	226	269	152	409	265	139	44	134	58	0	118	238	153	634	28	545	142	0	681	342	51	121	179	298	126	223
GTEX.1O9I2.1226	15	406	68	840	646	1550	29	434	16	357	195	122	60	16	66	2	32	88	0	418	10	0	163	0	600	1123	19	378	341	552	393	1820
GTEX.1OFPY.1526	101	658	892	650	12	230	333	1211	11	186	554	113	10	26	724	0	327	566	357	658	54	81	304	0	136	183	108	0	124	13	35	486
GTEX.1OJC3.0626	224	434	330	610	9	315	435	466	3	280	1662	129	0	0	803	0	248	114	324	133	1	56	166	4	149	947	78	42	1158	76	7	494
GTEX.1OJC4.0526	7	37	49	69	455	589	38	139	187	162	92	171	762	580	20	726	42	23	22	57	296	16	71	1	33	586	16	934	401	343	577	149
GTEX.1P4AB.1126	7	127	70	1032	32	317	475	382	1617	132	506	235	676	941	91	3	340	630	6	96	1620	0	126	0	26	600	456	151	492	122	39	294
GTEX.1PBJI.0726	15	9	26	54	4	250	53	252	1540	31	182	163	1485	522	5	1	121	91	3	50	617	1	145	0	72	839	47	67	511	46	49	240
GTEX.1PBJJ.1926	82	67	138	106	58	268	93	172	460	221	112	175	986	811	15	0	46	28	22	516	188	36	61	0	200	459	5	191	125	120	219	191
GTEX.1PDJ9.0826	222	30	365	32	5	27	123	233	7	186	258	2	23	88	182	0	62	55	317	265	22	71	105	0	150	109	16	9	100	19	15	109
GTEX.1PFEY.0226	130	820	383	583	529	158	293	790	6	193	259	8	0	0	808	0	213	454	277	469	4	52	235	0	285	151	86	389	53	224	16	598
GTEX.1PIGE.0726	583	74	1076	95	4	103	639	655	6	104	889	75	1	5	351	0	321	277	450	380	2	155	330	0	184	338	283	1	233	37	13	166
GTEX.1PIIG.2026	37	14	149	80	34	95	574	365	1168	79	429	528	611	1362	76	24	559	354	19	74	3172	4	208	49	61	374	254	469	379	76	33	151
GTEX.1PPGY.1426	26	21	18	203	7	244	205	282	1025	299	216	140	933	1403	126	0	181	184	12	45	1671	0	116	0	15	156	51	69	68	50	12	80
GTEX.1PPH8.0926	797	542	721	172	209	67	819	556	42	149	978	42	12	2	725	0	325	245	328	118	15	93	195	0	166	432	230	30	541	61	17	588
GTEX.1PWST.0726	193	85	534	131	482	205	144	351	2	326	53	8	1	6	394	0	89	68	723	620	4	353	75	3	476	57	44	121	16	300	116	126
GTEX.1QAET.0226	435	206	1184	145	783	835	486	1067	115	1897	576	139	225	964	604	6	310	207	521	1360	245	341	552	2	1011	447	167	254	504	1126	384	475
GTEX.1QCLY.0826	603	209	344	44	75	31	956	397	5	509	1115	31	0	12	1002	4	361	162	260	142	4	112	182	0	139	332	124	49	323	113	64	256
GTEX.1QCLZ.0626	95	528	227	11	57	33	133	145	6	1060	120	2	1	18	400	2220	58	35	612	218	2	440	44	0	109	375	13	127	64	195	741	147
GTEX.1QEPI.0726	20	8	17	53	79	273	38	146	304	158	56	87	991	942	23	0	32	19	13	81	359	6	68	2	140	220	4	132	121	262	50	53
GTEX.1QMI2.0826	12	32	22	95	158	548	30	93	145	464	50	105	1070	858	35	3	29	46	14	187	291	11	71	0	109	574	12	308	339	361	175	141
GTEX.1QP28.0626	345	102	470	76	934	77	96	183	19	498	71	7	3	48	129	46	38	50	768	618	8	1189	54	0	659	101	11	334	95	622	256	120
GTEX.1QP2A.0626	1076	710	840	1405	18	233	1182	814	16	1682	613	26	4	40	1367	0	500	703	1594	643	17	510	230	1	522	134	304	178	64	317	52	323
GTEX.1QP66.0326	600	236	484	69	70	27	705	738	5	226	493	4	2	16	1211	1	343	216	365	200	10	54	261	0	108	76	210	7	45	53	3	280
GTEX.1QP67.0326	202	536	407	248	48	42	872	493	1	123	1046	40	0	0	565	0	453	442	187	164	5	54	304	0	141	302	597	18	357	74	22	766
GTEX.1QP6S.2526	47	432	638	694	39	339	610	1084	1128	449	526	848	979	2545	338	0	495	759	108	407	2026	6	503	2	48	368	344	877	201	174	140	443
GTEX.1QP9N.0126	1524	118	332	22	278	48	94	68	0	236	81	0	2	3	56	2	31	15	862	472	1	2264	21	0	811	142	2	74	122	145	66	219
GTEX.1QPFJ.0626	793	148	324	61	550	78	284	121	3	236	44	0	0	3	362	9	129	76	1063	197	5	613	39	0	219	58	60	329	77	384	43	247
GTEX.1QW4Y.0226	61	733	222	123	831	640	5	139	2	709	120	4	11	31	94	4752	5	1	744	363	3	707	29	119	560	960	0	748	367	461	644	484
GTEX.1R46S.0426	110	733	1169	559	2	563	578	1639	42	1386	970	299	38	249	2205	0	474	395	1033	744	159	164	224	2	100	253	236	1	124	59	76	278
GTEX.1R9JW.0226	429	291	396	388	1126	182	65	421	0	565	199	0	0	7	445	0	37	37	1070	442	2	644	27	2	897	135	6	91	69	680	48	186
GTEX.1R9K4.0726	6	72	198	526	185	597	127	570	75	52	1008	113	160	70	35	1	140	192	5	530	57	13	306	0	92	2723	115	23	1176	126	621	391
GTEX.1R9K5.0726	174	130	138	48	189	170	69	83	36	711	187	9	46	58	7	0	22	27	141	275	5	1641	29	0	604	604	26	113	127	313	769	88
GTEX.1R9PM.0226	164	564	330	784	281	145	276	410	2	155	764	131	0	0	254	0	110	192	193	350	3	92	62	0	390	616	30	374	1136	376	30	408
GTEX.1RAZA.0826	174	80	232	73	8	67	221	232	2	305	924	84	2	0	375	0	82	36	273	156	0	67	42	1	154	504	19	4	221	56	9	94
GTEX.1RAZQ.0926	1000	1056	1063	330	18	39	526	383	88	337	483	30	65	380	59	0	207	175	500	980	64	1002	140	0	537	561	20	97	196	142	202	784
GTEX.1RAZR.1126	474	194	305	203	47	40	314	207	1	107	298	5	1	0	67	0	96	157	139	479	1	227	57	0	335	172	8	9	90	178	65	173
GTEX.1RAZS.1026	91	4	232	177	35	460	368	583	846	145	554	613	847	1424	39	0	324	352	15	267	1064	1	352	1	126	383	159	28	692	116	12	232
GTEX.1RDX4.0926	254	194	1294	625	195	327	755	914	143	655	667	71	170	686	663	0	499	1058	669	760	360	316	575	0	285	585	558	436	524	332	351	361
GTEX.1RMOY.0126	145	98	161	22	212	95	69	228	1	1376	181	1	0	4	670	0	58	36	418	170	1	176	58	0	344	258	24	399	254	509	56	75
GTEX.1RNSC.1126	16	590	191	176	32	401	445	1202	15	1029	942	157	102	186	2636	0	687	361	147	263	237	3	229	0	103	326	81	281	151	204	39	471
GTEX.1RQED.0926	12	555	44	86	10	223	691	596	1222	381	1100	600	257	436	1664	0	386	184	0	50	1868	0	110	1	9	450	72	49	283	56	9	316
GTEX.1S5ZU.0726	6	10	1	134	1	20	153	24	155	3	790	1184	1	0	13	0	49	61	0	0	2	0	5	0	2	902	30	7	181	0	3	101
GTEX.1S83E.0726	174	136	456	28	402	87	66	134	0	312	13	3	3	31	154	69	25	4	1255	557	7	1469	11	0	837	103	2	128	38	924	301	323
